<?xml version="1.0" encoding="UTF-8"?>
<config xmlns="http://www.knime.org/2008/09/XMLConfig" xmlns:xsi="http://www.w3.org/2001/XMLSchema-instance" xsi:schemaLocation="http://www.knime.org/2008/09/XMLConfig http://www.knime.org/XMLConfig_2008_09.xsd" key="MiningSchema">
    <config key="learning">
        <entry key="array-size" type="xint" value="4"/>
        <entry key="0" type="xstring" value="Как часто вы проводите время в социальных сетях в ущерб другим активностям (учеба, работа и т.д.)?"/>
        <entry key="1" type="xstring" value="Сравниваете ли вы свою жизнь с другими?"/>
        <entry key="2" type="xstring" value="Вы обсуждали политику в социальных сетях?"/>
        <entry key="3" type="xstring" value="Считаете ли вы, что социальные сети связывают людей или нет?"/>
    </config>
    <config key="target">
        <entry key="array-size" type="xint" value="1"/>
        <entry key="0" type="xstring" value="Участник"/>
    </config>
</config>
